{
	"song": {
		"player1": "bf",
		"player2": "Bubble",
		"events": [],
		"notes": [
			{
				"typeOfSection": 0,
				"sectionNotes": [
					[
						0,
						3,
						0
					],
					[
						141.509433962264,
						2,
						0
					],
					[
						283.018867924528,
						1,
						0
					],
					[
						424.528301886792,
						2,
						70.7547169811321
					],
					[
						707.547169811321,
						2,
						353.77358490566
					]
				],
				"sectionBeats": 4,
				"altAnim": false,
				"gfSection": false,
				"bpm": 150,
				"changeBPM": false,
				"mustHitSection": false
			},
			{
				"typeOfSection": 0,
				"sectionNotes": [
					[
						1132.07547169811,
						1,
						0,
						"GF Sing"
					],
					[
						1415.09433962264,
						3,
						0,
						"GF Sing"
					],
					[
						1698.11320754717,
						1,
						0,
						"GF Sing"
					],
					[
						1981.1320754717,
						0,
						212.264150943396,
						"GF Sing"
					],
					[
						1981.1320754717,
						1,
						212.264150943396,
						"GF Sing"
					],
					[
						1981.1320754717,
						2,
						212.264150943396,
						"GF Sing"
					],
					[
						1132.07547169811,
						0,
						0
					],
					[
						1273.58490566038,
						1,
						0
					],
					[
						1415.09433962264,
						2,
						0
					],
					[
						1556.60377358491,
						3,
						70.7547169811321
					],
					[
						1839.62264150943,
						3,
						353.77358490566
					]
				],
				"sectionBeats": 4,
				"altAnim": false,
				"gfSection": false,
				"bpm": 150,
				"changeBPM": false,
				"mustHitSection": false
			},
			{
				"typeOfSection": 0,
				"sectionNotes": [
					[
						2264.15094339623,
						3,
						0,
						"GF Sing"
					],
					[
						2405.66037735849,
						2,
						0,
						"GF Sing"
					],
					[
						2547.16981132075,
						0,
						0,
						"GF Sing"
					],
					[
						2688.67924528302,
						2,
						0,
						"GF Sing"
					],
					[
						2830.18867924528,
						3,
						0,
						"GF Sing"
					],
					[
						2971.69811320755,
						2,
						0,
						"GF Sing"
					],
					[
						3113.20754716981,
						1,
						0,
						"GF Sing"
					],
					[
						3254.71698113208,
						0,
						0,
						"GF Sing"
					]
				],
				"sectionBeats": 4,
				"altAnim": false,
				"gfSection": false,
				"bpm": 201,
				"changeBPM": false,
				"mustHitSection": false
			},
			{
				"typeOfSection": 0,
				"sectionNotes": [
					[
						3396.22641509434,
						1,
						0,
						"GF Sing"
					],
					[
						3537.7358490566,
						3,
						0,
						"GF Sing"
					],
					[
						3679.24528301887,
						1,
						0,
						"GF Sing"
					],
					[
						3820.75471698113,
						0,
						0,
						"GF Sing"
					],
					[
						3962.2641509434,
						1,
						0,
						"GF Sing"
					],
					[
						4103.77358490566,
						3,
						0,
						"GF Sing"
					],
					[
						4174.52830188679,
						3,
						0,
						"GF Sing"
					],
					[
						4245.28301886792,
						2,
						0,
						"GF Sing"
					],
					[
						4386.79245283019,
						1,
						0,
						"GF Sing"
					]
				],
				"sectionBeats": 4,
				"altAnim": false,
				"gfSection": false,
				"bpm": 201,
				"changeBPM": false,
				"mustHitSection": false
			},
			{
				"typeOfSection": 0,
				"sectionNotes": [
					[
						4528.30188679245,
						3,
						0
					],
					[
						4669.81132075472,
						2,
						0
					],
					[
						4811.32075471698,
						1,
						0
					],
					[
						4952.83018867925,
						2,
						70.7547169811321
					],
					[
						5235.84905660377,
						2,
						353.77358490566
					],
					[
						4528.30188679245,
						6,
						495.283018867925,
						"GF Sing"
					]
				],
				"sectionBeats": 4,
				"altAnim": false,
				"gfSection": false,
				"bpm": 201,
				"changeBPM": false,
				"mustHitSection": true
			},
			{
				"typeOfSection": 0,
				"sectionNotes": [
					[
						5660.37735849057,
						0,
						0
					],
					[
						5801.88679245283,
						1,
						0
					],
					[
						5943.39622641509,
						2,
						0
					],
					[
						6084.90566037736,
						3,
						70.7547169811321
					],
					[
						6367.92452830189,
						3,
						353.77358490566
					]
				],
				"sectionBeats": 4,
				"altAnim": false,
				"gfSection": false,
				"bpm": 201,
				"changeBPM": false,
				"mustHitSection": true
			},
			{
				"typeOfSection": 0,
				"sectionNotes": [
					[
						6933.96226415094,
						2,
						0
					],
					[
						6792.45283018868,
						3,
						0
					],
					[
						7075.47169811321,
						0,
						0
					],
					[
						7216.98113207547,
						2,
						0
					],
					[
						7358.49056603774,
						3,
						0
					],
					[
						7500,
						2,
						0
					],
					[
						7641.50943396227,
						1,
						0
					],
					[
						7783.01886792453,
						0,
						0
					]
				],
				"sectionBeats": 4,
				"altAnim": false,
				"gfSection": false,
				"bpm": 201,
				"changeBPM": false,
				"mustHitSection": true
			},
			{
				"typeOfSection": 0,
				"sectionNotes": [
					[
						7924.52830188679,
						1,
						0
					],
					[
						8066.03773584906,
						3,
						0
					],
					[
						8207.54716981132,
						1,
						0
					],
					[
						8349.05660377359,
						0,
						0
					],
					[
						8490.56603773585,
						1,
						0
					],
					[
						8702.83018867925,
						3,
						0
					],
					[
						8632.07547169812,
						3,
						0
					],
					[
						8773.58490566038,
						2,
						0
					],
					[
						8915.09433962264,
						1,
						0
					]
				],
				"sectionBeats": 4,
				"altAnim": false,
				"gfSection": false,
				"bpm": 205,
				"changeBPM": false,
				"mustHitSection": true
			},
			{
				"typeOfSection": 0,
				"sectionNotes": [
					[
						9622.64150943396,
						5,
						212.264150943396
					],
					[
						9905.66037735849,
						4,
						212.264150943396
					],
					[
						9056.60377358491,
						6,
						353.77358490566
					],
					[
						9481.1320754717,
						7,
						70.7547169811321
					],
					[
						9056.60377358491,
						3,
						0
					],
					[
						9198.11320754717,
						2,
						0
					],
					[
						9339.62264150944,
						1,
						0
					],
					[
						9481.1320754717,
						2,
						0
					],
					[
						9622.64150943396,
						0,
						212.264150943396
					],
					[
						9905.66037735849,
						2,
						212.264150943396
					],
					[
						9056.60377358491,
						0,
						212.264150943396,
						"GF Sing"
					],
					[
						9056.60377358491,
						1,
						212.264150943396,
						"GF Sing"
					],
					[
						9622.64150943396,
						2,
						212.264150943396,
						"GF Sing"
					],
					[
						9622.64150943396,
						3,
						212.264150943396,
						"GF Sing"
					]
				],
				"sectionBeats": 4,
				"altAnim": false,
				"gfSection": false,
				"bpm": 205,
				"changeBPM": false,
				"mustHitSection": false
			},
			{
				"typeOfSection": 0,
				"sectionNotes": [
					[
						10188.679245283,
						3,
						0
					],
					[
						10330.1886792453,
						3,
						0
					],
					[
						10471.6981132075,
						2,
						0
					],
					[
						10613.2075471698,
						2,
						0
					],
					[
						10754.7169811321,
						1,
						0
					],
					[
						10896.2264150943,
						1,
						0
					],
					[
						11037.7358490566,
						0,
						0
					],
					[
						11179.2452830189,
						0,
						0
					],
					[
						10188.679245283,
						7,
						0
					],
					[
						10330.1886792453,
						6,
						0
					],
					[
						10471.6981132075,
						4,
						0
					],
					[
						10613.2075471698,
						6,
						0
					],
					[
						10754.7169811321,
						7,
						0
					],
					[
						10896.2264150943,
						6,
						0
					],
					[
						11037.7358490566,
						4,
						0
					],
					[
						11179.2452830189,
						6,
						0
					]
				],
				"sectionBeats": 4,
				"altAnim": false,
				"gfSection": false,
				"bpm": 212,
				"changeBPM": false,
				"mustHitSection": true
			},
			{
				"typeOfSection": 0,